Id,Category
0,0
1,0
2,0
3,0
4,1
5,1
6,1
7,0
8,1
9,0
10,1
11,0
12,0
13,0
14,0
15,0
16,0
17,1
18,0
19,1
20,1
21,0
22,1
23,1
24,0
25,1
26,0
27,0
28,0
29,0
30,0
31,0
32,0
33,1
34,0
35,1
36,0
37,0
38,1
39,1
40,1
41,0
42,0
43,1
44,1
45,0
46,1
47,1
48,0
49,1
50,0
51,0
52,0
53,1
54,1
55,0
56,0
57,0
58,1
59,0
60,0
61,1
62,0
63,1
64,1
65,0
66,1
67,1
68,1
69,1
70,1
71,1
72,1
73,1
74,0
75,0
76,0
77,0
78,1
79,0
80,0
81,0
82,1
83,0
84,1
85,0
86,0
87,1
88,0
89,1
90,0
91,1
92,0
93,0
94,1
95,0
96,1
97,0
98,1
99,0
100,0
101,1
102,0
103,0
104,0
105,0
106,0
107,0
108,1
109,0
110,0
111,1
112,1
113,1
114,1
115,0
116,1
117,0
118,1
119,1
120,0
121,1
122,0
123,1
124,0
125,1
126,0
127,0
128,0
129,0
130,0
131,0
132,0
133,1
134,0
135,0
136,1
137,1
138,1
139,0
140,0
141,0
142,0
143,1
144,0
145,1
146,1
147,1
148,1
149,0
150,0
151,0
152,1
153,0
154,0
155,1
156,1
157,1
158,0
159,0
160,0
161,1
162,0
163,1
164,0
165,0
166,1
167,0
168,1
169,1
170,0
171,1
172,1
173,1
174,0
175,0
176,0
177,1
178,0
179,0
180,1
181,1
182,1
183,1
184,1
185,1
186,0
187,1
188,0
189,1
190,1
191,1
192,1
193,1
194,1
195,0
196,0
197,1
198,1
199,1
200,0
201,1
202,1
203,1
204,0
205,1
206,0
207,1
208,0
209,1
210,0
211,0
212,0
213,1
214,0
215,0
216,0
217,0
218,0
219,0
220,1
221,1
222,1
223,1
224,0
225,1
226,0
227,1
228,0
229,0
230,1
231,0
232,0
233,1
234,0
235,1
236,0
237,0
238,1
239,1
240,0
241,0
242,0
243,0
244,1
245,0
246,1
247,1
248,1
249,1
250,1
251,1
252,1
253,1
254,1
255,0
256,1
257,0
258,0
259,1
260,0
261,0
262,0
263,0
264,1
265,0
266,1
267,0
268,0
269,0
270,1
271,1
272,1
273,0
274,1
275,1
276,0
277,1
278,1
279,1
280,0
281,0
282,1
283,0
284,1
285,0
286,1
287,1
288,0
289,0
290,0
291,1
292,0
293,0
294,1
295,0
296,1
297,1
298,1
299,0
300,1
301,0
302,1
303,1
304,1
305,0
306,1
307,0
308,0
309,0
310,0
311,0
312,0
313,0
314,1
315,0
316,0
317,0
318,0
319,1
320,1
321,0
322,0
323,1
324,0
325,1
326,0
327,1
328,0
329,1
330,1
331,1
332,0
333,1
334,0
335,0
336,1
337,0
338,1
339,0
340,0
341,1
342,1
343,1
344,0
345,0
346,1
347,1
348,0
349,0
350,0
351,0
352,0
353,1
354,1
355,1
356,0
357,0
358,1
359,0
360,0
361,1
362,1
363,1
364,1
365,0
366,0
367,1
368,0
369,0
370,1
371,0
372,1
373,0
374,1
375,0
376,0
377,1
378,1
379,0
380,0
381,0
382,1
383,1
384,0
385,1
386,1
387,1
388,1
389,1
390,1
391,0
392,1
393,1
394,1
395,0
396,1
397,1
398,0
399,0
400,0
401,1
402,1
403,1
404,0
405,1
406,1
407,0
408,0
409,1
410,1
411,1
412,0
413,1
414,1
415,1
416,1
417,1
418,0
419,0
420,0
421,1
422,0
423,0
424,0
425,0
426,0
427,0
428,0
429,0
430,1
431,1
432,0
433,0
434,0
435,0
436,1
437,1
438,0
439,0
440,0
441,1
442,0
443,0
444,1
445,0
446,0
447,0
448,1
449,0
450,1
451,1
452,0
453,1
454,0
455,1
456,0
457,1
458,0
459,0
460,0
461,1
462,0
463,1
464,0
465,1
466,1
467,0
468,1
469,1
470,0
471,0
472,1
473,0
474,1
475,0
476,0
477,0
478,0
479,0
480,1
481,1
482,0
483,1
484,0
485,1
486,1
487,0
488,0
489,0
490,1
491,0
492,1
493,0
494,1
495,0
496,1
497,1
498,1
499,1
500,0
501,0
502,0
503,1
504,1
505,1
506,0
507,1
508,1
509,1
510,0
511,1
512,0
513,1
514,1
515,1
516,1
517,1
518,1
519,1
520,0
521,0
522,0
523,1
524,1
525,1
526,0
527,1
528,0
529,0
530,0
531,0
532,0
533,0
534,1
535,0
536,0
537,1
538,0
539,0
540,1
541,0
542,1
543,1
544,1
545,0
546,1
547,1
548,0
549,0
550,0
551,1
552,1
553,0
554,1
555,1
556,1
557,0
558,1
559,1
560,0
561,0
562,1
563,0
564,0
565,0
566,0
567,1
568,0
569,0
570,1
571,1
572,1
573,0
574,1
575,1
576,0
577,1
578,1
579,1
580,0
581,1
582,0
583,1
584,0
585,0
586,0
587,1
588,1
589,0
590,0
591,1
592,0
593,0
594,0
595,0
596,0
597,1
598,0
599,0
600,0
601,1
602,1
603,0
604,1
605,1
606,1
607,0
608,0
609,1
610,0
611,1
612,1
613,0
614,0
615,0
616,0
617,0
618,1
619,1
620,0
621,0
622,0
623,0
624,1
625,1
626,1
627,0
628,0
629,0
630,1
631,1
632,0
633,0
634,0
635,0
636,0
637,1
638,0
639,0
640,1
641,1
642,1
643,0
644,0
645,0
646,1
647,1
648,0
649,1
650,1
651,0
652,0
653,1
654,1
655,0
656,1
657,1
658,0
659,1
660,0
661,0
662,1
663,1
664,0
665,0
666,1
667,0
668,0
669,1
670,0
671,0
672,1
673,0
674,0
675,1
676,1
677,1
678,0
679,0
680,1
681,0
682,1
683,0
684,0
685,0
686,0
687,1
688,1
689,1
690,1
691,1
692,1
693,0
694,0
695,0
696,1
697,1
698,1
699,0
700,1
701,1
702,0
703,0
704,1
705,1
706,0
707,0
708,1
709,1
710,0
711,0
712,1
713,0
714,1
715,0
716,0
717,1
718,1
719,0
720,0
721,1
722,0
723,1
724,0
725,1
726,1
727,0
728,1
729,1
730,0
731,0
732,1
733,0
734,0
735,1
736,1
737,0
738,1
739,1
740,1
741,0
742,0
743,1
744,0
745,0
746,0
747,0
748,1
749,0
750,1
751,0
752,0
753,0
754,0
755,1
756,0
757,0
758,0
759,1
760,0
761,1
762,0
763,1
764,1
765,0
766,1
767,1
768,0
769,1
770,0
771,0
772,1
773,0
774,1
775,1
776,1
777,0
778,1
779,0
780,1
781,0
782,1
783,0
784,0
785,1
786,0
787,1
788,0
789,0
790,0
791,0
792,0
793,1
794,0
795,0
796,0
797,1
798,0
799,0
800,0
801,0
802,0
803,1
804,0
805,1
806,1
807,0
808,0
809,0
810,0
811,0
812,0
813,0
814,0
815,0
816,1
817,0
818,0
819,1
820,0
821,1
822,0
823,1
824,0
825,1
826,1
827,1
828,0
829,0
830,0
831,0
832,0
833,0
834,1
835,1
836,1
837,0
838,0
839,0
840,0
841,1
842,0
843,0
844,1
845,0
846,1
847,0
848,0
849,1
850,0
851,0
852,0
853,1
854,0
855,1
856,1
857,1
858,0
859,0
860,0
861,0
862,1
863,1
864,0
865,0
866,1
867,1
868,0
869,1
870,1
871,0
872,0
873,0
874,1
875,1
876,0
877,0
878,0
879,0
880,0
881,1
882,0
883,0
884,0
885,1
886,1
887,1
888,0
889,0
890,0
891,0
892,1
893,0
894,0
895,1
896,0
897,0
898,0
899,1
900,0
901,1
902,1
903,1
904,1
905,1
906,0
907,0
908,1
909,0
910,0
911,1
912,0
913,0
914,0
915,1
916,1
917,0
918,1
919,0
920,1
921,1
922,0
923,1
924,0
925,1
926,0
927,0
928,0
929,0
930,0
931,0
932,0
933,1
934,1
935,1
936,0
937,1
938,0
939,0
940,0
941,1
942,0
943,1
944,0
945,1
946,1
947,1
948,1
949,0
950,1
951,0
952,1
953,1
954,0
955,1
956,0
957,0
958,1
959,0
960,0
961,1
962,0
963,0
964,1
965,0
966,1
967,1
968,1
969,0
970,0
971,0
972,0
973,1
974,0
975,1
976,0
977,0
978,1
979,0
980,1
981,1
982,1
983,1
984,0
985,1
986,0
987,0
988,0
989,0
990,1
991,0
992,1
993,1
994,1
995,1
996,0
997,0
998,1
999,0
